insert into manufacturer values('ASUS','TAIWAN', 1);
insert into manufacturer values('HP','AMERICAN', 2);
insert into manufacturer values('GIGABYE','TAIWAN', 3);
insert into manufacturer values('MSI','TAIWAN', 4);
insert into manufacturer values('MICROSOFT','AMERICAN', 5);
insert into manufacturer values('LEGION','HONGKONG', 6);
insert into manufacturer values('AVITA','AMERICAN', 7);
insert into manufacturer values('ACER','TAIWAN', 8);
insert into laptop values ('A315-57-50TZ', 'entry level', 16900, '', 'Windows 11', 'i5-1035G1', DEFAULT, DEFAULT, 512, 8, 15.6, '363.4x250.5x19.95', DEFAULT, DEFAULT, 1.9, 'black', '2-year', DEFAULT);
insert into product values('A315-57-50TZ', 'Aspire 3', 'Acer', 'laptop');
insert into laptop values ('Strix SCAR 15', 'pro gaming', 55900, '', 'Windows 11', 'i9-12900H','NVIDIA® GeForce RTX™ 3060', DEFAULT, 1000, 8, 15.6, '358.5x242x17.9', DEFAULT, DEFAULT, 2.3, 'black', '2-year', DEFAULT);
insert into product values('Strix SCAR 15', 'ROG', 'ASUS', 'laptop');
insert into laptop values ('Gaming F17', 'light gaming', 45900, 'TUF', 'Windows 11', 'i7-12700H', 'NVIDIA® GeForce RTX™ 3060', DEFAULT, 512, 16, 17.3, '395x264x22.9', DEFAULT, 144, 1.9, 'black', '2-year', DEFAULT);
insert into product values('Gaming F17', 'TUF', 'ASUS', 'laptop');
insert into laptop values ('Zephyrus GA401QM-0032E5900HS', 'pro gaming', 49900, 'Zephyrus', 'Windows 10', 'i7-12700H', 'NVIDIA® GeForce RTX™ 3060', DEFAULT, 1000, 16, 14, '324x220x19.9', '2560x1440', 144, 1.7, 'gray', '2-year', DEFAULT);
insert into product values('Zephyrus GA401QM-0032E5900HS', 'ROG', 'ASUS', 'laptop');
insert into laptop values ('AN515-57-93FW', 'light gaming', 39900, 'Nitro', 'Windows 11', 'i9-11900H','NVIDIA® GeForce RTX™ 3060','6', 512, 16, 15.6, '363.4x255x23.9', DEFAULT, 144, 2.2, 'black', '2-year', DEFAULT);
insert into product values('AN515-57-93FW', 'Nitro5', 'ACER', 'laptop');
insert into laptop values ('82K201GDTW', 'light gaming', 29990, '', 'Windows 11', 'RYZEN7 5800H', 'RTX3050TI 4GB', DEFAULT, 512, 16, 15.6, '359.6x251.9x24.2', DEFAULT, 165, 2.25, 'black', '2-year', DEFAULT);
insert into product values('82K201GDTW', 'Gaming 3', 'LEGION', 'laptop');
insert into laptop values ('SF514-55T-54WK', 'entry level', 26900, '', 'Windows 11', 'i5-1135G7', DEFAULT, DEFAULT, 512, 8, 14, '318.9x206.9x14.95', DEFAULT, DEFAULT, 1.05, 'green', '2-year', DEFAULT);
insert into product values('SF514-55T-54WK', 'SF514', 'ACER', 'laptop');
insert into laptop values ('E410MA-0571BN4020', 'entry level', 9990, '', 'Windows 10', 'Intel® Celeron® N4020', DEFAULT, DEFAULT, 64, 4, 14, '325x217x18','1366x768', DEFAULT, 1.3, 'blue', '2-year', DEFAULT);
insert into product values('E410MA-0571BN4020', 'E410MA', 'ASUS', 'laptop');
insert into laptop values ('FA706IC-0062B4600H', 'light gaming', 28900, 'TUF', 'Windows 11', 'AMD Ryzen5 4600H','NVIDIA® GeForce RTX™ 3050', DEFAULT, 512, 8, 17.3, '399x268x23.3', DEFAULT,144, 2.6, 'black', '2-year', DEFAULT);
insert into product values('FA706IC-0062B4600H', 'FA706IC', 'ASUS', 'laptop');
insert into laptop values ('A12UC-014TW', 'light gaming', 37900, 'sword', 'Windows 11', 'i7-12700H','GeForce RTX™ 3050', DEFAULT, 512, 8, 15.6, '359x259x24.9', DEFAULT, 144, 2.25, 'black', '2-year', DEFAULT);
insert into product values('A12UC-014TW', 'Sword15', 'MSI', 'laptop');
insert into laptop values ('A515-57G-51A9', 'light gaming', 25900, 'Aspire', 'Windows 11', 'i5-1235U','NVIDIA® GeForce® MX550-2G','2', 512, 8, 15.6, '362.9x237.8x17.9', DEFAULT, DEFAULT, 1.8, 'gray', '2-year', DEFAULT);
insert into product values('A515-57G-51A9', 'Aspire 5', 'ACER', 'laptop');
insert into laptop values ('15M B12UE-028TW', 'light gaming', 47900, '', 'Windows 11', 'i7-1280U','GeForce RTX™ 3060', DEFAULT, 1000, 16, 15.6, '358x248x17', DEFAULT, 144, 1.8, 'black', '2-year', DEFAULT);
insert into product values('15M B12UE-028TW', 'Stealth', 'MSI', 'laptop');
insert into laptop values ('Zephyrus G15', 'pro gaming', 56900, 'Zephyrus', 'Windows 10', 'AMD Ryzen9 5900HS','NVIDIA® GeForce RTX™ 3080', DEFAULT, 512, 16, 15.6, '324x220x19.9','2560X1440', 165, 1.99, 'gray', '2-year', DEFAULT);
insert into product values('Zephyrus G15', 'ROG', 'ASUS', 'laptop');
insert into laptop values ('A315-23-R399', 'entry level', 13900, 'Aspire', 'Windows 11', 'Ryzen 3-5300U', DEFAULT, DEFAULT, 256, 8, 15.6, '358.5x242x17.9', DEFAULT, DEFAULT, 1.69, 'white', '2-year', DEFAULT);
insert into product values('A315-23-R399', 'Aspire 3', 'ACER', 'laptop');
insert into laptop values ('S3402ZA-0162E12500H', 'entry level', 31900, '', 'Windows 11', 'Ryzen 3-5300U', DEFAULT, DEFAULT, 512, 8, 14, '316.4x224.5x18.9', '2880x1800', 90, 1.5, 'green', '2-year', DEFAULT);
insert into product values('S3402ZA-0162E12500H', 'S14', 'ASUS', 'laptop');
insert into laptop values ('Gen2', 'bussiness', 22900, '', 'Windows 10', 'i5-1135G7', DEFAULT, DEFAULT, 512, 8, 14, '323x218x17.9', DEFAULT, DEFAULT, 1.4, 'gray', '1-year', DEFAULT);
insert into product values('Gen2', 'ThinkBook 14', 'LEGION', 'laptop');
insert into laptop values ('82K201GPTW', 'light gaming', 22990, '', 'Windows 10', 'Ryzen5-5600H', 'GeForce GTX_1650', DEFAULT, 512, 8, 15.6, '359.6x251.9x24.2', DEFAULT, 120, 2.25, 'GRAY', '2-year', DEFAULT);
insert into product values('82K201GPTW', 'Gaming 3', 'LEGION', 'laptop');
insert into laptop values ('15s-eq2173AU', 'entry level', 15888, '', 'Windows 11', 'AMD Ryzen3 5300U', DEFAULT, DEFAULT, 256, 8, 15.6, '358.5x242x17.9', DEFAULT, DEFAULT, 1.69, 'white', '2-year', DEFAULT);
insert into product values('15s-eq2173AU', '15s', 'HP', 'laptop');
insert into laptop values ('X415EA-0341G1135G7', 'entry level', 19900, '', 'Windows 11', 'i5-1135G7', DEFAULT, DEFAULT, 512, 8, 15.6, '325.4x216x19.9', DEFAULT, DEFAULT, 1.6, 'gray', '2-year', DEFAULT);
insert into product values('X415EA-0341G1135G7', 'X415EA', 'ASUS', 'laptop');
insert into laptop values ('1403ZA-0161B12500H', 'professional', 29900, 'vivobook', 'Windows 11', 'i5-12500H', DEFAULT, DEFAULT, 512, 8, 14, '316.4x224.5x18.9', '2880x1800', DEFAULT, 1.6, 'blue', '2-year', DEFAULT);
insert into product values('1403ZA-0161B12500H', 'VivoBook 14X', 'ASUS', 'laptop');
insert into laptop values ('12UHS-038TW', 'pro gaming', 119900, '', 'Windows 11', 'i9-12900HK', 'NVIDIA GeForce RTX 3080Ti ', DEFAULT, 2000, 64, 17.3, '397x284x25.9', '3840x2160', 120, 2.9, 'blue', '2-year', DEFAULT);
insert into product values('12UHS-038TW', 'Raider GE76 Deluxe Edition', 'MSI', 'laptop');
insert into laptop values ('16-d0179TX', 'light gaming', 29999, '', 'Windows 11', 'i5-11400H', 'NVIDIA GeForce RTX 3060', DEFAULT, 512, 8, 16.1, '370x260x23.5', DEFAULT, 144, 2.46, 'blue', '2-year', DEFAULT);
insert into product values('16-d0179TX', 'Victus', 'MSI', 'laptop');
insert into laptop values ('OLED M3500QC', 'professional', 33900, 'vivobook', 'Windows 10', 'AMD Ryzen5 5600H', 'NVIDIA® GeForce® RTX™ 3050', DEFAULT, 512, 16, 15.6, '359.8x235.3x18.9', DEFAULT, DEFAULT, 1.65, 'blue', '2-year', DEFAULT);
insert into product values('OLED M3500QC', 'VivoBook Pro 15', 'ASUS', 'laptop');
insert into laptop values ('12UE-406TW', 'light gaming', 47900, '', 'Windows 11', 'i7-12700H','NVIDIA GeForce RTX 3060', DEFAULT, 1000, 16, 15.6, '358x267x23.4', DEFAULT, 240, 2.38, 'black', '2-year', DEFAULT);
insert into product values('12UE-406TW', 'Vector GP66', 'MSI', 'laptop');
insert into laptop values ('Slate OLED T3300KA', 'professional', 18990, 'vivobook', 'Windows 11', 'Intel® Pentium® Silver N6000', DEFAULT, DEFAULT, 128, 4, 13.3, '309.9x190x7.9', DEFAULT, DEFAULT, 0.78, 'black', '2-year', DEFAULT);
insert into product values('Slate OLED T3300KA', 'Vivobook 13', 'ASUS','laptop');
insert into laptop values ('X1402ZA-0051B1240P', 'professional', 24900, 'vivobook', 'Windows 11', 'i5-1240P', 'Intel® Iris Xe Graphics', DEFAULT, 512, 8, 14,  '324.9x213.9x19.9', DEFAULT, DEFAULT, 1.5, 'black', '2-year', DEFAULT);
insert into product values('X1402ZA-0051B1240P', 'Vivobook14', 'ASUS', 'laptop');
insert into laptop values ('GV301QE-0022A5900HS', 'pro gaming', 47900, 'zephyrus', 'Windows 10', 'AMD Ryzen™ 9 5900HS', 'NVIDIA® GeForce RTX™ 3050 Ti', DEFAULT, 1000, 16, 13.4, '299x222x15.8', '1920x1200', 120, 1.3, 'black', '2-year', DEFAULT);
insert into product values('GV301QE-0022A5900HS', 'Zephyrus Flow X13', 'ASUS', 'laptop');
insert into laptop values ('du3005TX', 'creator', 22900, '', 'Windows 11', '11th Gen Intel Core i5-1135 G7', DEFAULT, DEFAULT, 512, 8, 15.6, '358.5x242x19.9', DEFAULT, DEFAULT, 1.74, 'gold', '2-year', DEFAULT);
insert into product values('du3005TX', '15s', 'HP', 'laptop');
insert into laptop values ('X415EA', 'entry level', 19900, '', 'Windows 11', 'i5-1135G7', DEFAULT, DEFAULT, 512, 8, 14, '325.4x216x19.9', DEFAULT, DEFAULT, 1.59, 'silver', '2-year', DEFAULT);
insert into product values('X415EA', '0351S1135G7', 'ASUS','laptop');
insert into laptop values ('A11SC-204TW', 'bussiness', 33900, '', 'Windows 11', 'i7-1195G7','GeForce GTX1650', DEFAULT, 1000, 16, 14, '319x215x15.9', DEFAULT, DEFAULT, 1.29, 'white', '2-year', DEFAULT);
insert into product values('A11SC-204TW', 'Prestige 14', 'MSI', 'laptop');
insert into laptop values ('X1503ZA', 'professional', 28900, 'vivobook', 'Windows 11', 'i5-12500H', DEFAULT, DEFAULT, 512, 8, 15.6, '356.8x227.6x19.9', DEFAULT, DEFAULT, 1.7, 'dark_blue', '2-year', DEFAULT);
insert into product values('X1503ZA', 'VivoBook15X', 'ASUS', 'laptop');
insert into laptop values ('UX482EGR', 'professional',59900, '', 'Windows 11', 'i7-1195G7', DEFAULT, DEFAULT, 1000, 32, 14, '324x222x16.9', DEFAULT, DEFAULT, 1.57, 'blue', '2-year', DEFAULT);
insert into product values('UX482EGR', 'Duo', 'ASUS', 'laptop');