insert into manufacturer values ('Kingston', 'AMERICAN', 0);
insert into manufacturer values ('Corsair', 'AMERICAN', 1);
insert into manufacturer values ('ADATA', 'Taiwan', 2);
insert into manufacturer values ('TEAM', 'Taiwan', 3);
insert into manufacturer values ('G.SKILL', 'Taiwan', 4);
insert into manufacturer values ('PNY', 'AMERICAN', 5);
insert into manufacturer values ('Transcend', 'Taiwan', 6);
insert into manufacturer values ('Micron', 'AMERICAN', 7);
insert into manufacturer values ('ANACOMDA', 'Taiwan', 8);
insert into manufacturer values ('vcolor', 'Taiwan', 9);
insert into manufacturer values ('Neo Forza', 'Taiwan', 10);
insert into manufacturer values ('ORCA', 'Taiwan', 11);
insert into manufacturer values ('Gigastone', 'Taiwan', 12);
insert into manufacturer values ('Samsung', 'Korea', 13);
insert into ram values ('FURY Beast-16G-DDR5-5200', 2875, 'DDR5', 16, true, DEFAULT, DEFAULT, 5200);
insert into product values('FURY Beast-16G-DDR5-5200', 'FURY Beast5', 'Kingston', 'ram');
insert into ram values ('LPX-16G-DDR5-5600', 9290, 'DDR5', 32, true, DEFAULT, DEFAULT, 5600);
insert into product values('LPX-16G-DDR5-5600', 'Vengeance ', 'Corsair', 'ram');
insert into ram values ('XPG Lancer-32G-DDR5-6000', 7999, 'DDR5', 32, true, DEFAULT, DEFAULT, 6000);
insert into product values('XPG Lancer-32G-DDR5-6000', 'XPG Lancer', 'ADATA', 'ram');
insert into ram values ('DELTA RGB-32G-DDR5-6400', 15900, 'DDR5', 32, true, DEFAULT, DEFAULT, 6400);
insert into product values('DELTA RGB-32G-DDR5-6400', 'DELTA RGB', 'TEAM', 'ram');
insert into ram values ('SL-32G-DDR4-3200', 4579, 'DDR4', 32, DEFAULT, DEFAULT, DEFAULT, 3200);
insert into product values('SL-32G-DDR4-3200', 'VENGEANCE RGB PRO', 'Corsair', 'ram');
insert into ram values ('Elite-32G-DDR4-3600', 6800, 'DDR4', 32, DEFAULT, DEFAULT, DEFAULT, 3600);
insert into product values('Elite-32G-DDR4-3600', 'Trident Z Royal Elite', 'G.SKILL', 'ram');
insert into ram values ('Beast-16G-DDR4-3200', 1945, 'DDR4', 16, DEFAULT, DEFAULT, DEFAULT, 3200);
insert into product values('Beast-16G-DDR4-3200', 'FURY Beast', 'Kingston', 'ram');
insert into ram values ('XLR8-16G-DDR4-3600', 2499, 'DDR4', 16, DEFAULT, DEFAULT, DEFAULT, 3600);
insert into product values('XLR8-16G-DDR4-3600', 'XLR8', 'PNY', 'ram');
insert into ram values ('Rage-8G-DDR4-3200', 799, 'DDR4', 8, DEFAULT, DEFAULT, DEFAULT, 3200);
insert into product values('Rage-8G-DDR4-3200', 'Apacer Panther Rage', 'PNY', 'ram');
insert into ram values ('JetRam-32G-DDR4-3200', 2999, 'DDR4', 32, DEFAULT, DEFAULT, DEFAULT, 3200);
insert into product values('JetRam-32G-DDR4-3200', 'JetRam', 'Transcend', 'ram');
insert into ram values ('Crucial-16G-DDR4-3200', 1799, 'DDR4', 16, DEFAULT, DEFAULT, DEFAULT, 3200);
insert into product values('Crucial-16G-DDR4-3200', 'Crucial', 'Micron', 'ram');
insert into ram values ('ELITE-16G-DDR4-3200', 1588, 'DDR4', 16, DEFAULT, DEFAULT, DEFAULT, 3200);
insert into product values('ELITE-16G-DDR4-3200','ELITE', 'TEAM', 'ram');
insert into ram values ('XPG-16G-DDR4-3200', 1739, 'DDR4', 16, DEFAULT, DEFAULT, DEFAULT, 3200);
insert into product values('XPG-16G-DDR4-3200', 'XPG', 'ADATA', 'ram');
insert into ram values ('ANACOMDATABLE-8G-DDR4-2666', 599, 'DDR4', 8, DEFAULT, DEFAULT, DEFAULT, 2666);
insert into product values('ANACOMDATABLE-8G-DDR4-2666', 'ANACOMDATABLE', 'ANACOMDA', 'ram');
insert into ram values ('PNYTABLE-16G-DDR4-2666', 1399, 'DDR4', 16, DEFAULT, DEFAULT, DEFAULT, 2666);
insert into product values('PNYTABLE-16G-DDR4-2666', 'PNYTABLE', 'PNY', 'ram');
insert into ram values ('KingstonTABLE-16G-DDR4-3200', 2139, 'DDR4', 16, DEFAULT, DEFAULT, DEFAULT, 3200);
insert into product values('KingstonTABLE-16G-DDR4-3200', 'KingstonTABLE', 'Kingston', 'ram');
insert into ram values ('Ballistix-16G-DDR4-3200', 1799, 'DDR4', 16, DEFAULT, DEFAULT, DEFAULT, 3200);
insert into product values('Ballistix-16G-DDR4-3200', 'Ballistix', 'Micron', 'ram');
insert into ram values ('Golden armis-64G-DDR4-3600', 7290, 'DDR4', 64, DEFAULT, DEFAULT, DEFAULT, 3600);
insert into product values('Golden armis-64G-DDR4-3600', 'Golden armis', 'vcolor', 'ram');
insert into ram values ('FURY Beast-16G-DDR4-3600', 2086, 'DDR4', 16, DEFAULT, DEFAULT, DEFAULT, 3600);
insert into product values('FURY Beast-16G-DDR4-3600', 'FURY Beast4', 'Kingston', 'ram');
insert into ram values ('FAYE-16G-DDR4-3600', 1599, 'DDR4', 16, DEFAULT, DEFAULT, DEFAULT, 3600);
insert into product values('FAYE-16G-DDR4-3600', 'FAYE', 'Neo Forza', 'ram');
insert into ram values ('FURY Beast-16G-DDR3-1866', 4024, 'DDR3', 16, DEFAULT, DEFAULT, DEFAULT, 1866);
insert into product values('FURY Beast-16G-DDR3-1866', 'FURY Beast3', 'Kingston', 'ram');
insert into ram values ('威力鯨-4G-DDR3-1600', 498, 'DDR3', 4, DEFAULT, DEFAULT, DEFAULT, 1600);
insert into product values('威力鯨-4G-DDR3-1600', '威力鯨', 'ORCA', 'ram');
insert into ram values ('stone-16G-DDR3-1600', 1499, 'DDR3', 16, DEFAULT, DEFAULT, DEFAULT, 1600);
insert into product values('stone-16G-DDR3-1600', 'stone', 'Gigastone', 'ram');
insert into ram values ('TELITE-8G-DDR3L-1600', 799, 'DDR3L', 8, DEFAULT, DEFAULT, DEFAULT, 1600);
insert into product values('TELITE-8G-DDR3L-1600', 'TELITE', 'TEAM', 'ram');
insert into ram values ('RDIMM-32G-DDR3-1600', 7080, 'DDR3', 32, DEFAULT, DEFAULT, DEFAULT, 1600);
insert into product values('RDIMM-32G-DDR3-1600', 'RDIMM', 'vcolor', 'ram');
insert into ram values ('REGDIMM-16G-DDR4-3200', 4380, 'DDR4', 16, DEFAULT, DEFAULT, DEFAULT, 3200);
insert into product values('REGDIMM-16G-DDR4-3200', 'REGDIMM', 'Transcend', 'ram');
insert into ram values ('UnbufferedDIMM-16G-DDR4-2666', 3480, 'DDR4', 16, DEFAULT, DEFAULT, DEFAULT, 2666);
insert into product values('UnbufferedDIMM-16G-DDR4-2666', 'UnbufferedDIMM', 'Kingston', 'ram');
insert into ram values ('ECC RDIMM-32G-DDR4-3200', 8180, 'DDR4', 32, true, DEFAULT, DEFAULT, 3200);
insert into product values('ECC RDIMM-32G-DDR4-3200', 'ECC RDIMM', 'Samsung', 'ram');