insert into manufacturer values ('WD', 'AMERICAN', 0);
insert into manufacturer values ('Seagate', 'AMERICAN', 1);
insert into manufacturer values ('TOSHIBA', 'JAPAN', 2);
insert into manufacturer values ('T-force', 'TAIWAN', 3);
insert into manufacturer values ('UMAX', 'TAIWAN', 4);
insert into manufacturer values ('KLEVV', 'KOREA', 5);
insert into manufacturer values ('威剛', 'TAIWAN', 6);



insert into storage values ('WD4005FZBX', 5240, 'SATA3', 'hdd', '3.5 inch', 4000, DEFAULT, '5-years', DEFAULT, DEFAULT, 7200, DEFAULT);
insert into product values('WD4005FZBX', 'WD4005', 'WD', 'storage');
insert into storage values ('ST18000NE000', 9999, 'SATA3', 'hdd', '3.5 inch', 18000, DEFAULT, '5-years', DEFAULT, DEFAULT, 7200, DEFAULT);
insert into product values('ST18000NE000', 'IronWolf Pro', 'Seagate', 'storage');
insert into storage values ('ST20000NM007D', 21790, 'SATA3', 'hdd', '3.5 inch', 20000, DEFAULT, '5-years', DEFAULT, DEFAULT, 7200, DEFAULT);
insert into product values('ST20000NM007D', 'ST20000', 'Seagate', 'storage');
insert into storage values ('WD60EFZX', 9220, 'SATA3', 'hdd', '3.5 inch', 6000, DEFAULT, '3-years', DEFAULT, DEFAULT, 5640,DEFAULT);
insert into product values('WD60EFZX', 'WD60', 'Seagate', 'storage');

insert into storage values ('ST4000VN008', 3490, 'SATA3', 'hdd', '3.5 inch', 4000, DEFAULT, '3-years', DEFAULT, DEFAULT, 5900, DEFAULT);
insert into product values('ST4000VN008', 'ST4000', 'Seagate', 'storage');
insert into storage values ('WD20EFZX', 2490, 'SATA3', 'hdd', '3.5 inch', 2000, DEFAULT, '3-years', DEFAULT, DEFAULT, 5400, DEFAULT);
insert into product values('WD20EFZX', 'WD20', 'WD', 'storage');
insert into storage values ('ST18000NE000', 9999, 'SATA3', 'hdd', '3.5 inch', 18000, DEFAULT, '5-years', DEFAULT, DEFAULT, 7200, DEFAULT);
insert into product values('ST18000NE000', 'ST18000', 'Seagate', 'storage');
insert into storage values ('WD140EFGX',11890, 'SATA3', 'hdd', '3.5 inch', 14000, DEFAULT, '3-years', DEFAULT, DEFAULT, 7200, DEFAULT);
insert into product values('WD140EFGX', 'WD140', 'WD', 'storage');

insert into storage values ('MG08ADA400E', 5290, 'SATA3', 'hdd', '3.5 inch', 4000, DEFAULT, '5-years', DEFAULT, DEFAULT, 7200, DEFAULT);
insert into product values('MG08ADA400E', 'MG08ADA4', 'TOSHIBA', 'storage');
insert into storage values ('WD2005FBYZ', 4190, 'SATA3', 'hdd', '3.5 inch', 2000, DEFAULT, '5-years', DEFAULT, DEFAULT, 7200, DEFAULT);
insert into product values('WD2005FBYZ', 'WD2005', 'WD', 'storage');
insert into storage values ('MG08ADA600E', 6690, 'SATA3', 'hdd', '3.5 inch', 6000, DEFAULT, '5-years', DEFAULT, DEFAULT, 7200, DEFAULT);
insert into product values('MG08ADA600E', 'MG08ADA6', 'TOSHIBA', 'storage');
insert into storage values ('ST18000NM000J', 18990, 'SATA3', 'hdd', '3.5 inch', 18000, DEFAULT, '5-years', DEFAULT, DEFAULT, 7200, DEFAULT);
insert into product values('ST18000NM000J', 'ST18000', 'Seagate', 'storage');

insert into storage values ('DT01ABA200V', 1890, 'SATA3', 'hdd', '3.5 inch', 2000, DEFAULT, '3-years', DEFAULT, DEFAULT, 5700, DEFAULT);
insert into product values('DT01ABA200V', 'DT01A', 'TOSHIBA', 'storage');
insert into storage values ('WD40PURZ', 3090, 'SATA3', 'hdd', '3.5 inch', 4000, DEFAULT, '3-years', 95, 5, 5400, DEFAULT);
insert into product values('WD40PURZ', 'WD40', 'WD', 'storage');
insert into storage values ('ST6000VX001', 4890, 'SATA3', 'hdd', '3.5 inch', 6000, DEFAULT, '5-years', DEFAULT, DEFAULT, 5400, DEFAULT);
insert into product values('ST6000VX001', 'ST6000', 'Seagate', 'storage');
insert into storage values ('WD8001PURP', 7080, 'SATA3', 'hdd', '3.5 inch', 8000, DEFAULT, '3-years', 95, 5, 7200, DEFAULT);
insert into product values('WD8001PURP', 'WD8001', 'WD', 'storage');

insert into storage values ('DT02ABA200', 1690, 'SATA3', 'hdd', '3.5 inch', 2000, DEFAULT, '3-years', DEFAULT, DEFAULT, 5400, DEFAULT);
insert into product values('DT02ABA200', 'DT02A', 'TOSHIBA', 'storage');
insert into storage values ('WD60EZAZ', 4790, 'SATA3', 'hdd', '3.5 inch', 6000, DEFAULT, '3-years', DEFAULT, DEFAULT, 5400, DEFAULT);
insert into product values('WD60EZAZ', 'WD60E', 'WD', 'storage');
insert into storage values ('WD8001FZBX', 7990, 'SATA3', 'hdd', '3.5 inch', 8000, DEFAULT, '5-years', DEFAULT, DEFAULT, 7200, DEFAULT);
insert into product values('WD8001FZBX', 'WD8001F', 'WD', 'storage');
insert into storage values ('ST6000DM003', 4590, 'SATA3', 'hdd', '3.5 inch', 6000, DEFAULT, '3-years', 55, DEFAULT, 5400, DEFAULT);
insert into product values('ST6000DM003', 'ST6000', 'Seagate', 'storage');

insert into storage values ('WD5000LPSX', 1790, 'SATA3', 'hdd', '2.5 inch', 500, DEFAULT, '5-years', DEFAULT, DEFAULT, 7200, DEFAULT);
insert into product values('WD5000LPSX', 'WD5000L', 'WD', 'storage');
insert into storage values ('WD10SPZX', 1690, 'SATA3', 'hdd', '2.5 inch', 1000, DEFAULT, '3-years', DEFAULT, DEFAULT, 5400, DEFAULT);
insert into product values('WD10SPZX', 'WD10S', 'WD', 'storage');
insert into storage values ('ST2000LM015', 2690, 'SATA3', 'hdd', '2.5 inch', 2000, DEFAULT, '2-years', DEFAULT, DEFAULT, 5400, DEFAULT);
insert into product values('ST2000LM015', 'ST2000', 'Seagate', 'storage');
insert into storage values ('MQ01ABD100', 1688, 'SATA3', 'hdd', '2.5 inch', 1000, DEFAULT, '2-years', DEFAULT, DEFAULT, 5400, DEFAULT);
insert into product values('MQ01ABD100', 'MQ01A', 'TOSHIBA', 'storage');

insert into storage values ('Vulcan Z240', 690, 'SATA3', 'ssd', '2.5 inch', 240, DEFAULT,DEFAULT , 520, 450, DEFAULT, DEFAULT);
insert into product values('Vulcan Z240', 'Vulcan Z240', 'T-force', 'storage');
insert into storage values ('Vulcan Z480', 1190, 'SATA3', 'ssd', '2.5 inch', 480, DEFAULT,DEFAULT , 540, 470, DEFAULT, DEFAULT);
insert into product values('Vulcan Z480', 'Vulcan Z480', 'T-force', 'storage');
insert into storage values ('Vulcan Z1000', 2190, 'SATA3', 'ssd', '2.5 inch', 1000, DEFAULT,DEFAULT , 550, 500, DEFAULT, DEFAULT);
insert into product values('Vulcan Z1000', 'Vulcan Z1000', 'T-force', 'storage');

insert into storage values ('Vulcan G512', 1280, 'SATA3', 'ssd', '2.5 inch', 512, DEFAULT,DEFAULT, 550, 500, DEFAULT, DEFAULT);
insert into product values('Vulcan G512', 'Vulcan G512', 'T-force', 'storage');
insert into storage values ('Vulcan G1000', 2390, 'SATA3', 'ssd', '2.5 inch', 1000, DEFAULT, DEFAULT, 550, 500, DEFAULT, DEFAULT);
insert into product values('Vulcan G1000', 'Vulcan G1000', 'T-force', 'storage');
insert into storage values ('Vulcan G2000', 5090, 'SATA3', 'ssd', '2.5 inch', 2000, DEFAULT, DEFAULT, 550, 500, DEFAULT, DEFAULT);
insert into product values('Vulcan G2000', 'Vulcan G2000', 'T-force', 'storage');

insert into storage values ('S330-240', 699, 'SATA3', 'ssd', '2.5 inch', 240, DEFAULT, '3-years', 520, 450, DEFAULT, DEFAULT);
insert into product values('S330-240', 'S330-240', 'UMAX', 'storage');
insert into storage values ('S330-480', 1299, 'SATA3', 'ssd', '2.5 inch', 480, DEFAULT, '3-years', 560, 450, DEFAULT, DEFAULT);
insert into product values('S330-480', 'S330-480', 'UMAX', 'storage');
insert into storage values ('S330-960', 1999, 'SATA3', 'ssd', '2.5 inch', 960, DEFAULT, '3-years', 560, 450, DEFAULT, DEFAULT);
insert into product values('S330-960', 'S330-960', 'UMAX', 'storage');

insert into storage values ('NEO-N400-240', 729, 'SATA3', 'ssd', '2.5 inch', 240, DEFAULT, '3-years', 500, 420, DEFAULT, DEFAULT);
insert into product values('NEO-N400-240', 'NEO-N400-240', 'KLEVV', 'storage');
insert into storage values ('NEO-N400-480', 1199, 'SATA3', 'ssd', '2.5 inch', 480, DEFAULT, '3-years', 500, 420, DEFAULT, DEFAULT);
insert into product values('NEO-N400-480', 'NEO-N400-480', 'KLEVV', 'storage');
insert into storage values ('NEO-N610-256', 899, 'SATA3', 'ssd', '2.5 inch', 256, DEFAULT, '3-years', 560, 520, DEFAULT, DEFAULT);
insert into product values('NEO-N610-256', 'NEO-N610-256', 'KLEVV', 'storage');
insert into storage values ('NEO-N610-512', 1499, 'SATA3', 'ssd', '2.5 inch', 512, DEFAULT, '3-years', 560, 520, DEFAULT, DEFAULT);
insert into product values('NEO-N610-512', 'NEO-N610-256', 'KLEVV', 'storage');
insert into storage values ('NEO-N610-1000', 2600, 'SATA3', 'ssd', '2.5 inch', 1000, DEFAULT, '3-years', 560, 520, DEFAULT, DEFAULT);
insert into product values('NEO-N610-1000', 'NEO-N610-256', 'KLEVV', 'storage');

insert into storage values ('SU650-120', 549, 'SATA3', 'ssd', '2.5 inch', 120, DEFAULT, '3-years', 520, 320, DEFAULT, DEFAULT);
insert into product values('SU650-120', 'SU650-120', '威剛', 'storage');
insert into storage values ('SU650-240', 780, 'SATA3', 'ssd', '2.5 inch', 240, DEFAULT, '3-years', 520, 450, DEFAULT, DEFAULT);
insert into product values('SU650-240', 'SU650-240', '威剛', 'storage');
insert into storage values ('SU650-480', 1270, 'SATA3', 'ssd', '2.5 inch', 480, DEFAULT, '3-years', 520, 450, DEFAULT, DEFAULT);
insert into product values('SU650-480', 'SU650-480', '威剛', 'storage');

insert into storage values ('SU800-256', 950, 'SATA3', 'ssd', '2.5 inch', 256, DEFAULT, '5-years', 560, 520, DEFAULT, DEFAULT);
insert into product values('SU800-256', 'SU800-512', '威剛', 'storage');
insert into storage values ('SU800-512', 1550, 'SATA3', 'ssd', '2.5 inch', 512, DEFAULT, '5-years', 560, 520, DEFAULT, DEFAULT);
insert into product values('SU800-512', 'SU800-512', '威剛', 'storage');
insert into storage values ('SU800-1000', 2999, 'SATA3', 'ssd', '2.5 inch', 1000, DEFAULT, '5-years', 560, 520, DEFAULT, DEFAULT);
insert into product values('SU800-1000', 'SU800-1000', '威剛', 'storage');








