insert into manufacturer values ('WD', 'AMERICAN', 0);
insert into manufacturer values ('Seagate', 'AMERICAN', 1);
insert into manufacturer values ('TOSHIBA', 'JAPAN', 2);
insert into storage values ('WD4005FZBX', 5240, 'SATA3', 'hdd', '3.5 inch', 4000, DEFAULT, '5-years', DEFAULT, DEFAULT, 7200, DEFAULT);
insert into product values('WD4005FZBX', 'WD4005', 'WD', 'storage');
insert into storage values ('ST18000NE000', 9999, 'SATA3', 'hdd', '3.5 inch', 18000, DEFAULT, '5-years', DEFAULT, DEFAULT, 7200, DEFAULT);
insert into product values('ST18000NE000', 'IronWolf Pro', 'Seagate', 'storage');
insert into storage values ('ST20000NM007D', 21790, 'SATA3', 'hdd', '3.5 inch', 20000, DEFAULT, '5-years', DEFAULT, DEFAULT, 7200, DEFAULT);
insert into product values('ST20000NM007D', 'ST20000', 'Seagate', 'storage');
insert into storage values ('WD60EFZX', 9220, 'SATA3', 'hdd', '3.5 inch', 6000, DEFAULT, '3-years', DEFAULT, DEFAULT, 5640,DEFAULT);
insert into product values('WD60EFZX', 'WD60', 'Seagate', 'storage');
insert into storage values ('ST4000VN008', 3490, 'SATA3', 'hdd', '3.5 inch', 4000, DEFAULT, '3-years', DEFAULT, DEFAULT, 5900, DEFAULT);
insert into product values('ST4000VN008', 'ST4000', 'Seagate', 'storage');
insert into storage values ('WD20EFZX', 2490, 'SATA3', 'hdd', '3.5 inch', 2000, DEFAULT, '3-years', DEFAULT, DEFAULT, 5400, DEFAULT);
insert into product values('WD20EFZX', 'WD20', 'WD', 'storage');
insert into storage values ('WD140EFGX',11890, 'SATA3', 'hdd', '3.5 inch', 14000, DEFAULT, '3-years', DEFAULT, DEFAULT, 7200, DEFAULT);
insert into product values('WD140EFGX', 'WD140', 'WD', 'storage');
insert into storage values ('MG08ADA400E', 5290, 'SATA3', 'hdd', '3.5 inch', 4000, DEFAULT, '5-years', DEFAULT, DEFAULT, 7200, DEFAULT);
insert into product values('MG08ADA400E', 'MG08ADA4', 'TOSHIBA', 'storage');
insert into storage values ('WD2005FBYZ', 4190, 'SATA3', 'hdd', '3.5 inch', 2000, DEFAULT, '5-years', DEFAULT, DEFAULT, 7200, DEFAULT);
insert into product values('WD2005FBYZ', 'WD2005', 'WD', 'storage');
insert into storage values ('MG08ADA600E', 6690, 'SATA3', 'hdd', '3.5 inch', 6000, DEFAULT, '5-years', DEFAULT, DEFAULT, 7200, DEFAULT);
insert into product values('MG08ADA600E', 'MG08ADA6', 'TOSHIBA', 'storage');
insert into storage values ('ST18000NM000J', 18990, 'SATA3', 'hdd', '3.5 inch', 18000, DEFAULT, '5-years', DEFAULT, DEFAULT, 7200, DEFAULT);
insert into product values('ST18000NM000J', 'ST18000', 'Seagate', 'storage');
insert into storage values ('DT01ABA200V', 1890, 'SATA3', 'hdd', '3.5 inch', 2000, DEFAULT, '3-years', DEFAULT, DEFAULT, 5700, DEFAULT);
insert into product values('DT01ABA200V', 'DT01A', 'TOSHIBA', 'storage');
insert into storage values ('WD40PURZ', 3090, 'SATA3', 'hdd', '3.5 inch', 4000, DEFAULT, '3-years', 95, 5, 5400, DEFAULT);
insert into product values('WD40PURZ', 'WD40', 'WD', 'storage');
insert into storage values ('ST6000VX001', 4890, 'SATA3', 'hdd', '3.5 inch', 6000, DEFAULT, '5-years', DEFAULT, DEFAULT, 5400, DEFAULT);
insert into product values('ST6000VX001', 'ST6000', 'Seagate', 'storage');
insert into storage values ('WD8001PURP', 7080, 'SATA3', 'hdd', '3.5 inch', 8000, DEFAULT, '3-years', 95, 5, 7200, DEFAULT);
insert into product values('WD8001PURP', 'WD8001', 'WD', 'storage');
insert into storage values ('DT02ABA200', 1690, 'SATA3', 'hdd', '3.5 inch', 2000, DEFAULT, '3-years', DEFAULT, DEFAULT, 5400, DEFAULT);
insert into product values('DT02ABA200', 'DT02A', 'TOSHIBA', 'storage');
insert into storage values ('WD60EZAZ', 4790, 'SATA3', 'hdd', '3.5 inch', 6000, DEFAULT, '3-years', DEFAULT, DEFAULT, 5400, DEFAULT);
insert into product values('WD60EZAZ', 'WD60E', 'WD', 'storage');
insert into storage values ('WD8001FZBX', 7990, 'SATA3', 'hdd', '3.5 inch', 8000, DEFAULT, '5-years', DEFAULT, DEFAULT, 7200, DEFAULT);
insert into product values('WD8001FZBX', 'WD8001F', 'WD', 'storage');
insert into storage values ('ST6000DM003', 4590, 'SATA3', 'hdd', '3.5 inch', 6000, DEFAULT, '3-years', 55, DEFAULT, 5400, DEFAULT);
insert into product values('ST6000DM003', 'ST6000', 'Seagate', 'storage');
insert into storage values ('WD5000LPSX', 1790, 'SATA3', 'hdd', '2.5 inch', 500, DEFAULT, '5-years', DEFAULT, DEFAULT, 7200, DEFAULT);
insert into product values('WD5000LPSX', 'WD5000L', 'WD', 'storage');
insert into storage values ('WD10SPZX', 1690, 'SATA3', 'hdd', '2.5 inch', 1000, DEFAULT, '3-years', DEFAULT, DEFAULT, 5400, DEFAULT);
insert into product values('WD10SPZX', 'WD10S', 'WD', 'storage');
insert into storage values ('ST2000LM015', 2690, 'SATA3', 'hdd', '2.5 inch', 2000, DEFAULT, '2-years', DEFAULT, DEFAULT, 5400, DEFAULT);
insert into product values('ST2000LM015', 'ST2000', 'Seagate', 'storage');
insert into storage values ('MQ01ABD100', 1688, 'SATA3', 'hdd', '2.5 inch', 1000, DEFAULT, '2-years', DEFAULT, DEFAULT, 5400, DEFAULT);
insert into product values('MQ01ABD100', 'MQ01A', 'TOSHIBA', 'storage');
